timestamp,rpm,engine_load,speed
0.157,1217.0,25.098039215686274,24.0
0.254,1213.0,24.705882352941178,25.0
0.35,1220.0,25.098039215686274,25.0
0.446,1229.0,25.098039215686274,25.0
0.542,1245.0,24.705882352941178,26.0
0.638,1259.0,24.705882352941178,26.0
0.734,1272.0,23.137254901960784,26.0
0.831,1283.0,23.137254901960784,27.0
0.926,1295.0,21.568627450980394,27.0
1.022,1322.0,21.568627450980394,27.0
1.119,1355.0,21.176470588235293,27.0
1.215,1426.0,21.176470588235293,27.0
1.311,1533.0,21.176470588235293,27.0
1.407,1621.0,18.431372549019606,27.0
1.503,1734.0,18.431372549019606,27.0
1.599,1763.0,15.686274509803921,27.0
1.695,1801.0,15.686274509803921,27.0
1.792,1844.0,12.941176470588236,27.0
1.888,1884.0,12.941176470588236,27.0
1.983,1923.0,10.588235294117647,27.0
2.079,1954.0,10.588235294117647,27.0
2.176,1989.0,10.980392156862745,27.0
2.272,2013.0,10.980392156862745,27.0
2.368,2033.0,10.980392156862745,27.0
2.464,2049.0,10.980392156862745,27.0
2.561,2067.0,10.588235294117647,27.0
2.656,2083.0,10.588235294117647,27.0
2.753,2094.0,10.588235294117647,28.0
2.849,2108.0,10.588235294117647,28.0
2.945,2113.0,10.588235294117647,28.0
3.041,2118.0,10.588235294117647,28.0
3.137,2128.0,10.588235294117647,28.0
3.233,2133.0,10.588235294117647,28.0
3.329,2137.0,10.588235294117647,28.0
3.425,2134.0,10.588235294117647,28.0
3.522,2138.0,10.588235294117647,28.0
3.618,2136.0,10.588235294117647,28.0
3.714,2131.0,10.196078431372548,28.0
3.81,2131.0,10.196078431372548,28.0
3.906,2124.0,10.196078431372548,28.0
4.002,2126.0,10.588235294117647,29.0
4.098,2130.0,10.588235294117647,29.0
4.194,2131.0,10.588235294117647,29.0
4.29,2138.0,10.588235294117647,29.0
4.387,2137.0,10.588235294117647,29.0
4.482,2144.0,10.588235294117647,29.0
4.578,2145.0,10.588235294117647,29.0
4.674,2152.0,10.588235294117647,29.0
4.771,2156.0,10.196078431372548,29.0
4.867,2157.0,10.196078431372548,29.0
4.963,2163.0,10.196078431372548,29.0
5.059,2165.0,10.196078431372548,29.0
5.155,2170.0,10.196078431372548,29.0
5.251,2174.0,10.196078431372548,29.0
5.347,2180.0,10.196078431372548,29.0
5.444,2184.0,10.196078431372548,29.0
5.54,2189.0,10.196078431372548,29.0
5.636,2191.0,10.196078431372548,29.0
5.732,2198.0,9.803921568627452,29.0
5.827,2198.0,9.803921568627452,29.0
5.924,2205.0,9.803921568627452,29.0
6.02,2203.0,9.803921568627452,29.0
6.116,2211.0,9.803921568627452,29.0
6.213,2211.0,9.803921568627452,29.0
6.309,2218.0,9.803921568627452,29.0
6.404,2222.0,9.803921568627452,29.0
6.501,2222.0,9.803921568627452,29.0
6.596,2230.0,10.196078431372548,29.0
6.693,2226.0,10.196078431372548,29.0
6.789,2232.0,10.196078431372548,29.0
6.885,2231.0,10.196078431372548,29.0
6.981,2236.0,9.803921568627452,29.0
7.078,2236.0,9.803921568627452,29.0
7.173,2234.0,9.803921568627452,29.0
7.269,2238.0,9.803921568627452,29.0
7.366,2238.0,9.803921568627452,29.0
7.462,2246.0,9.803921568627452,29.0
7.557,2244.0,9.803921568627452,29.0
7.654,2250.0,9.803921568627452,29.0
7.75,2252.0,9.803921568627452,29.0
7.846,2250.0,9.803921568627452,29.0
7.942,2254.0,9.803921568627452,29.0
8.038,2254.0,9.803921568627452,29.0
8.134,2256.0,9.803921568627452,29.0
8.231,2259.0,9.803921568627452,29.0
8.327,2256.0,9.803921568627452,29.0
8.423,2257.0,9.803921568627452,29.0
8.519,2256.0,9.803921568627452,29.0
8.615,2256.0,9.803921568627452,29.0
8.711,2257.0,9.803921568627452,29.0
8.807,2254.0,9.803921568627452,29.0
8.903,2256.0,9.803921568627452,29.0
8.999,2256.0,9.803921568627452,29.0
9.096,2254.0,9.803921568627452,29.0
9.191,2254.0,9.803921568627452,29.0
9.287,2251.0,9.803921568627452,29.0
9.384,2253.0,9.803921568627452,29.0
9.48,2250.0,9.803921568627452,29.0
9.575,2242.0,9.803921568627452,29.0
9.672,2244.0,9.803921568627452,29.0
9.768,2242.0,9.803921568627452,29.0
9.864,2242.0,9.803921568627452,29.0
9.96,2239.0,9.803921568627452,29.0
10.056,2238.0,9.803921568627452,29.0
10.153,2241.0,9.803921568627452,29.0
10.249,2236.0,9.803921568627452,29.0
10.345,2236.0,9.803921568627452,29.0
10.441,2232.0,9.803921568627452,29.0
10.537,2233.0,10.196078431372548,29.0
10.632,2230.0,10.196078431372548,29.0
10.729,2225.0,10.196078431372548,29.0
10.825,2226.0,10.196078431372548,29.0
10.921,2222.0,10.196078431372548,29.0
11.017,2225.0,10.196078431372548,29.0
11.114,2220.0,9.803921568627452,29.0
11.209,2222.0,9.803921568627452,29.0
11.306,2218.0,9.803921568627452,29.0
11.402,2215.0,9.803921568627452,29.0
11.498,2216.0,9.803921568627452,29.0
11.594,2211.0,10.196078431372548,29.0
11.69,2211.0,10.196078431372548,29.0
11.786,2207.0,10.196078431372548,29.0
11.882,2210.0,10.196078431372548,29.0
11.978,2207.0,10.196078431372548,29.0
12.074,2208.0,10.196078431372548,29.0
12.171,2204.0,10.196078431372548,29.0
12.267,2206.0,10.196078431372548,29.0
12.363,2202.0,10.196078431372548,29.0
12.459,2202.0,10.196078431372548,29.0
12.555,2198.0,10.588235294117647,29.0
12.651,2198.0,10.588235294117647,29.0
12.747,2194.0,10.196078431372548,29.0
12.843,2194.0,10.196078431372548,29.0
12.94,2191.0,10.588235294117647,29.0
13.036,2191.0,10.588235294117647,29.0
13.132,2188.0,10.588235294117647,29.0
13.228,2188.0,10.588235294117647,29.0
13.323,2184.0,10.196078431372548,29.0
13.419,2183.0,10.196078431372548,29.0
13.516,2179.0,10.588235294117647,29.0
13.612,2178.0,10.588235294117647,29.0
13.708,2175.0,10.588235294117647,29.0
13.804,2175.0,10.588235294117647,28.0
13.901,2169.0,10.588235294117647,29.0
13.997,2170.0,10.980392156862745,28.0
14.092,2163.0,10.980392156862745,28.0
14.189,2165.0,10.196078431372548,28.0
14.285,2158.0,10.196078431372548,28.0
14.38,2157.0,10.588235294117647,28.0
14.477,2148.0,10.588235294117647,28.0
14.573,2145.0,10.196078431372548,28.0
14.669,2141.0,10.196078431372548,28.0
14.765,2134.0,10.196078431372548,28.0
14.861,2129.0,10.196078431372548,28.0
14.958,2121.0,10.588235294117647,28.0
15.054,2118.0,10.588235294117647,28.0
15.149,2113.0,10.588235294117647,28.0
15.246,2106.0,10.588235294117647,28.0
15.342,2102.0,10.980392156862745,28.0
15.438,2096.0,10.980392156862745,28.0
15.534,2090.0,10.980392156862745,28.0
15.63,2085.0,10.980392156862745,28.0
15.726,2078.0,10.980392156862745,28.0
15.822,2071.0,10.980392156862745,28.0
15.919,2070.0,10.980392156862745,28.0
16.015,2063.0,10.980392156862745,28.0
16.111,2055.0,11.372549019607844,28.0
16.207,2052.0,11.372549019607844,28.0
16.303,2047.0,11.372549019607844,28.0
16.399,2040.0,10.980392156862745,28.0
16.495,2034.0,10.980392156862745,28.0
16.591,2031.0,11.372549019607844,27.0
16.687,2023.0,11.372549019607844,27.0
16.783,2014.0,11.372549019607844,28.0
16.88,2011.0,11.372549019607844,27.0
16.976,2006.0,11.372549019607844,28.0
17.072,2004.0,11.372549019607844,27.0
17.168,2001.0,11.372549019607844,27.0
17.264,1993.0,11.372549019607844,27.0
17.36,1991.0,11.372549019607844,27.0
17.456,1985.0,11.372549019607844,27.0
17.553,1983.0,11.372549019607844,27.0
17.648,1978.0,11.372549019607844,27.0
17.745,1974.0,10.980392156862745,27.0
17.841,1967.0,10.980392156862745,27.0
17.936,1963.0,10.980392156862745,28.0
18.033,1964.0,10.980392156862745,27.0
18.129,1940.0,11.372549019607844,28.0
18.226,1895.0,11.372549019607844,28.0
18.321,1828.0,12.156862745098039,28.0
18.417,1754.0,12.156862745098039,28.0
18.513,1649.0,13.333333333333334,29.0
18.609,1551.0,13.333333333333334,29.0
18.705,1442.0,13.333333333333334,29.0
18.801,1353.0,14.117647058823529,29.0
18.897,1259.0,14.117647058823529,29.0
18.993,1160.0,16.470588235294116,29.0
19.089,1087.0,16.470588235294116,30.0
19.186,990.0,19.607843137254903,30.0
19.282,918.0,19.607843137254903,30.0
19.378,873.0,21.96078431372549,30.0
19.474,1012.0,21.96078431372549,30.0
19.57,1135.0,21.96078431372549,31.0
19.666,1210.0,21.96078431372549,31.0
19.762,1256.0,22.745098039215687,31.0
19.858,1319.0,22.745098039215687,31.0
19.955,1374.0,18.03921568627451,32.0
20.051,1429.0,18.03921568627451,32.0
20.147,1467.0,16.862745098039216,32.0
20.243,1477.0,16.862745098039216,32.0
20.339,1490.0,16.470588235294116,33.0
20.436,1507.0,16.470588235294116,33.0
20.532,1502.0,16.07843137254902,33.0
20.627,1491.0,16.07843137254902,33.0
20.724,1468.0,16.07843137254902,33.0
20.82,1388.0,16.07843137254902,34.0
20.916,1342.0,14.901960784313726,34.0
21.012,1305.0,14.901960784313726,34.0
21.108,1281.0,14.901960784313726,34.0
21.204,1264.0,14.509803921568627,34.0
21.3,1261.0,14.509803921568627,34.0
21.396,1264.0,15.294117647058824,34.0
21.493,1272.0,15.294117647058824,35.0
21.588,1284.0,14.509803921568627,35.0
21.684,1299.0,14.509803921568627,35.0
21.78,1313.0,14.117647058823529,35.0
21.877,1327.0,14.117647058823529,35.0
21.973,1340.0,13.72549019607843,35.0
22.069,1350.0,13.72549019607843,35.0
22.165,1357.0,13.72549019607843,35.0
22.261,1364.0,13.72549019607843,34.0
22.357,1364.0,13.72549019607843,34.0
22.454,1360.0,13.72549019607843,34.0
22.549,1349.0,13.72549019607843,33.0
22.646,1340.0,13.72549019607843,33.0
22.742,1329.0,13.72549019607843,33.0
22.838,1314.0,13.72549019607843,33.0
22.934,1298.0,14.117647058823529,32.0
23.03,1280.0,14.117647058823529,32.0
23.126,1262.0,14.901960784313726,32.0
23.222,1242.0,14.901960784313726,32.0
23.319,1225.0,15.294117647058824,32.0
23.415,1209.0,15.294117647058824,32.0
23.511,1194.0,16.470588235294116,32.0
23.607,1183.0,16.470588235294116,32.0
23.703,1169.0,16.470588235294116,33.0
23.799,1154.0,16.862745098039216,33.0
23.895,1143.0,16.862745098039216,33.0
23.991,1124.0,16.862745098039216,32.0
24.088,1104.0,16.862745098039216,33.0
24.183,1086.0,17.254901960784313,32.0
24.279,1065.0,17.254901960784313,32.0
24.376,1048.0,18.431372549019606,32.0
24.472,1030.0,18.431372549019606,32.0
24.568,1013.0,19.215686274509803,32.0
24.664,988.0,19.215686274509803,32.0
24.76,967.0,20.0,32.0
24.856,951.0,20.0,32.0
24.952,933.0,20.392156862745097,32.0
25.049,949.0,20.392156862745097,32.0
25.145,1089.0,18.823529411764707,32.0
25.24,1208.0,18.823529411764707,32.0
25.337,1270.0,19.215686274509803,32.0
25.433,1311.0,19.215686274509803,32.0
25.529,1367.0,17.254901960784313,33.0
25.625,1406.0,17.254901960784313,33.0
25.721,1458.0,15.686274509803921,33.0
25.817,1486.0,15.686274509803921,33.0
25.913,1514.0,14.509803921568627,33.0
26.009,1493.0,14.509803921568627,33.0
26.106,1488.0,14.509803921568627,33.0
26.201,1453.0,13.72549019607843,33.0
26.298,1379.0,13.72549019607843,33.0
26.394,1332.0,15.294117647058824,33.0
26.49,1291.0,15.294117647058824,33.0
26.586,1256.0,15.294117647058824,33.0
26.682,1227.0,15.294117647058824,33.0
26.778,1203.0,15.294117647058824,33.0
26.875,1185.0,15.294117647058824,33.0
26.971,1171.0,16.470588235294116,33.0
27.067,1159.0,16.470588235294116,33.0
27.163,1153.0,16.470588235294116,33.0
27.259,1143.0,16.470588235294116,33.0
27.354,1133.0,16.470588235294116,33.0
27.451,1124.0,16.470588235294116,32.0
27.547,1114.0,17.254901960784313,32.0
27.643,1109.0,17.254901960784313,32.0
27.739,1098.0,17.254901960784313,32.0
27.835,1088.0,17.254901960784313,32.0
27.931,1076.0,18.03921568627451,32.0
28.027,1069.0,18.03921568627451,32.0
28.123,1057.0,18.03921568627451,32.0
28.22,1047.0,18.03921568627451,32.0
28.316,1039.0,18.03921568627451,32.0
28.411,1026.0,18.03921568627451,32.0
28.508,1014.0,18.03921568627451,32.0
28.604,1006.0,18.431372549019606,32.0
28.7,995.0,18.431372549019606,32.0
28.796,986.0,19.607843137254903,32.0
28.893,977.0,19.607843137254903,32.0
28.988,972.0,20.0,32.0
29.084,967.0,20.0,32.0
29.181,962.0,19.607843137254903,32.0
29.276,959.0,19.607843137254903,33.0
29.373,954.0,20.784313725490197,33.0
29.469,950.0,20.784313725490197,33.0
29.565,944.0,20.392156862745097,33.0
29.662,939.0,20.392156862745097,32.0
29.757,931.0,20.392156862745097,33.0
29.853,1054.0,20.392156862745097,33.0
29.949,1202.0,17.254901960784313,33.0
30.046,1265.0,17.254901960784313,32.0
30.141,1309.0,17.254901960784313,33.0
30.238,1359.0,17.254901960784313,32.0
30.334,1400.0,15.686274509803921,33.0
30.43,1456.0,15.686274509803921,32.0
30.526,1491.0,14.509803921568627,32.0
30.622,1507.0,14.509803921568627,32.0
30.718,1506.0,14.509803921568627,32.0
30.815,1483.0,14.509803921568627,32.0
30.91,1443.0,14.901960784313726,32.0
31.007,1383.0,14.901960784313726,32.0
31.103,1329.0,14.901960784313726,32.0
31.199,1279.0,15.294117647058824,31.0
31.295,1232.0,15.294117647058824,31.0
31.391,1190.0,16.07843137254902,31.0
31.487,1151.0,16.07843137254902,31.0
31.583,1112.0,16.862745098039216,31.0
31.68,1082.0,16.862745098039216,30.0
31.775,1055.0,18.823529411764707,30.0
31.871,1018.0,18.823529411764707,30.0
31.968,987.0,18.823529411764707,30.0
32.064,956.0,18.823529411764707,30.0
32.16,925.0,21.176470588235293,29.0
32.256,982.0,21.176470588235293,29.0
32.352,1097.0,18.823529411764707,29.0
32.448,1183.0,18.823529411764707,29.0
32.545,1226.0,18.431372549019606,29.0
32.64,1262.0,18.431372549019606,29.0
32.737,1300.0,17.254901960784313,28.0
32.833,1334.0,17.254901960784313,28.0
32.928,1370.0,15.686274509803921,28.0
33.025,1397.0,15.686274509803921,28.0
33.121,1406.0,15.686274509803921,28.0
33.217,1423.0,15.686274509803921,28.0
33.313,1415.0,15.294117647058824,28.0
33.409,1409.0,15.294117647058824,28.0
33.505,1396.0,15.294117647058824,28.0
33.602,1404.0,15.294117647058824,28.0
33.697,1395.0,15.294117647058824,28.0
33.794,1384.0,15.294117647058824,28.0
33.889,1378.0,15.294117647058824,27.0
33.986,1373.0,15.686274509803921,28.0
34.082,1356.0,15.686274509803921,28.0
34.178,1359.0,16.470588235294116,28.0
34.274,1355.0,16.470588235294116,27.0
34.37,1364.0,16.470588235294116,28.0
34.467,1363.0,16.470588235294116,27.0
34.563,1367.0,16.07843137254902,28.0
34.659,1362.0,16.07843137254902,27.0
34.754,1360.0,16.07843137254902,28.0
34.851,1363.0,16.07843137254902,27.0
34.947,1353.0,15.686274509803921,27.0
35.043,1355.0,15.686274509803921,27.0
35.139,1349.0,16.07843137254902,27.0
35.235,1362.0,16.07843137254902,27.0
35.331,1369.0,16.862745098039216,27.0
35.427,1387.0,16.862745098039216,27.0
35.524,1397.0,18.823529411764707,26.0
35.62,1407.0,18.823529411764707,26.0
35.716,1427.0,18.03921568627451,26.0
35.812,1437.0,18.03921568627451,26.0
35.908,1443.0,18.03921568627451,26.0
36.004,1446.0,18.03921568627451,26.0
36.1,1453.0,18.03921568627451,26.0
36.197,1450.0,17.647058823529413,26.0
36.293,1448.0,17.647058823529413,26.0
36.388,1453.0,17.647058823529413,26.0
36.484,1449.0,17.647058823529413,25.0
36.58,1454.0,18.431372549019606,26.0
36.677,1458.0,18.431372549019606,25.0
36.773,1453.0,17.647058823529413,26.0
36.869,1452.0,17.647058823529413,26.0
36.965,1441.0,17.647058823529413,26.0
37.061,1445.0,17.647058823529413,26.0
37.157,1451.0,18.431372549019606,26.0
37.253,1450.0,18.431372549019606,26.0
37.35,1455.0,18.03921568627451,26.0
37.446,1457.0,18.03921568627451,26.0
37.542,1457.0,17.647058823529413,26.0
37.638,1457.0,17.647058823529413,26.0
37.734,1462.0,18.03921568627451,26.0
37.83,1457.0,18.03921568627451,26.0
37.926,1453.0,18.03921568627451,26.0
38.022,1453.0,18.03921568627451,26.0
38.118,1450.0,17.647058823529413,26.0
38.214,1450.0,17.647058823529413,26.0
38.311,1457.0,18.03921568627451,26.0
38.407,1456.0,18.03921568627451,26.0
38.502,1464.0,18.03921568627451,26.0
38.599,1460.0,18.03921568627451,27.0
38.695,1467.0,18.03921568627451,27.0
38.791,1471.0,17.647058823529413,27.0
38.887,1481.0,17.647058823529413,27.0
38.983,1477.0,17.254901960784313,27.0
39.079,1480.0,17.254901960784313,28.0
39.176,1488.0,17.647058823529413,28.0
39.271,1491.0,17.647058823529413,29.0
39.367,1510.0,17.647058823529413,29.0
39.464,1498.0,17.647058823529413,29.0
39.56,1482.0,17.647058823529413,30.0
39.656,1437.0,17.647058823529413,29.0
39.752,1349.0,19.215686274509803,30.0
39.848,1280.0,19.215686274509803,30.0
39.944,1217.0,15.686274509803921,30.0
40.04,1163.0,15.686274509803921,31.0
40.136,1117.0,18.03921568627451,31.0
40.233,1085.0,18.03921568627451,31.0
40.328,1050.0,19.215686274509803,31.0
40.425,1029.0,19.215686274509803,31.0
40.52,1011.0,20.0,32.0
40.616,1000.0,20.0,32.0
40.713,990.0,20.392156862745097,32.0
40.809,979.0,20.392156862745097,32.0
40.905,978.0,20.392156862745097,33.0
41.001,978.0,20.0,33.0
41.098,980.0,20.0,33.0
41.194,980.0,20.0,33.0
41.289,984.0,20.0,33.0
41.386,985.0,19.607843137254903,34.0
41.482,993.0,19.607843137254903,34.0
41.578,1002.0,19.607843137254903,34.0
41.674,1012.0,19.607843137254903,34.0
41.77,1023.0,18.823529411764707,34.0
41.866,1038.0,18.823529411764707,35.0
41.962,1047.0,17.254901960784313,35.0
42.059,1062.0,17.254901960784313,35.0
42.155,1081.0,16.470588235294116,35.0
42.25,1097.0,16.470588235294116,35.0
42.347,1120.0,16.07843137254902,36.0
42.443,1146.0,16.07843137254902,36.0
42.539,1166.0,16.07843137254902,36.0
42.635,1193.0,16.07843137254902,36.0
42.731,1217.0,14.509803921568627,37.0
42.827,1244.0,14.509803921568627,37.0
42.923,1271.0,14.117647058823529,37.0
43.02,1299.0,14.117647058823529,37.0
43.116,1326.0,13.333333333333334,37.0
43.212,1361.0,13.333333333333334,38.0
43.308,1388.0,13.333333333333334,38.0
43.404,1425.0,12.549019607843137,38.0
43.5,1453.0,12.549019607843137,38.0
43.596,1484.0,11.764705882352942,38.0
43.692,1518.0,11.764705882352942,38.0
43.788,1547.0,11.764705882352942,39.0
43.884,1577.0,11.764705882352942,39.0
43.98,1602.0,11.764705882352942,39.0
44.076,1631.0,11.764705882352942,39.0
44.173,1654.0,11.372549019607844,39.0
44.269,1681.0,11.372549019607844,39.0
44.364,1707.0,11.372549019607844,39.0
44.461,1731.0,11.372549019607844,39.0
44.557,1749.0,10.980392156862745,39.0
44.653,1772.0,10.980392156862745,39.0
44.749,1792.0,10.980392156862745,39.0
44.845,1812.0,10.980392156862745,39.0
44.942,1831.0,10.980392156862745,39.0
45.037,1851.0,10.980392156862745,40.0
45.133,1873.0,10.980392156862745,40.0
45.229,1893.0,10.980392156862745,40.0
45.326,1908.0,10.980392156862745,40.0
45.422,1922.0,10.980392156862745,40.0
45.518,1937.0,10.588235294117647,40.0
45.614,1953.0,10.588235294117647,40.0
45.71,1964.0,10.588235294117647,40.0
45.807,1973.0,10.588235294117647,40.0
45.903,1984.0,10.588235294117647,40.0
45.999,1992.0,10.980392156862745,40.0
46.094,2001.0,10.980392156862745,40.0
46.19,2008.0,10.980392156862745,40.0
46.287,2015.0,10.980392156862745,40.0
46.383,2024.0,10.588235294117647,40.0
46.479,2027.0,10.588235294117647,40.0
46.575,2028.0,10.980392156862745,40.0
46.671,2029.0,10.980392156862745,40.0
46.767,2034.0,10.588235294117647,40.0
46.864,2033.0,10.588235294117647,40.0
46.961,2028.0,10.980392156862745,39.0
47.055,2027.0,10.980392156862745,39.0
47.152,2024.0,10.980392156862745,39.0
47.248,2022.0,10.980392156862745,39.0
47.344,2016.0,11.372549019607844,39.0
47.44,2009.0,11.372549019607844,39.0
47.536,2002.0,10.980392156862745,38.0
47.632,1994.0,10.980392156862745,38.0
47.728,1985.0,11.764705882352942,38.0
47.824,1975.0,11.764705882352942,38.0
47.921,1962.0,11.372549019607844,38.0
48.017,1952.0,11.372549019607844,38.0
48.113,1936.0,11.372549019607844,38.0
48.209,1924.0,11.372549019607844,38.0
48.305,1909.0,11.372549019607844,37.0
48.401,1895.0,11.372549019607844,37.0
48.497,1883.0,11.372549019607844,37.0
48.594,1869.0,11.764705882352942,37.0
48.69,1855.0,11.764705882352942,37.0
48.786,1841.0,11.372549019607844,37.0
48.881,1828.0,11.372549019607844,37.0
48.978,1813.0,11.764705882352942,37.0
49.074,1796.0,11.764705882352942,36.0
49.17,1781.0,11.764705882352942,36.0
49.266,1766.0,11.764705882352942,36.0
49.362,1750.0,11.372549019607844,36.0
49.458,1732.0,11.372549019607844,36.0
49.554,1712.0,11.764705882352942,35.0
49.65,1693.0,11.764705882352942,35.0
49.746,1676.0,12.156862745098039,35.0
49.842,1656.0,12.156862745098039,35.0
49.939,1639.0,12.156862745098039,35.0
50.035,1614.0,12.156862745098039,34.0
50.131,1591.0,12.549019607843137,34.0
50.227,1570.0,12.549019607843137,34.0
50.323,1544.0,12.941176470588236,34.0
50.419,1521.0,12.941176470588236,33.0
50.515,1492.0,12.549019607843137,33.0
50.611,1469.0,12.549019607843137,33.0
50.707,1439.0,12.549019607843137,32.0
50.803,1410.0,12.941176470588236,32.0
50.9,1368.0,12.941176470588236,32.0
50.996,1335.0,13.72549019607843,31.0
51.092,1301.0,13.72549019607843,31.0
51.188,1264.0,14.509803921568627,31.0
51.284,1225.0,14.509803921568627,30.0
51.38,1180.0,15.686274509803921,30.0
51.476,1133.0,15.686274509803921,30.0
51.573,1094.0,16.862745098039216,29.0
51.669,1039.0,16.862745098039216,29.0
51.765,992.0,18.823529411764707,29.0
51.861,942.0,18.823529411764707,29.0
51.956,890.0,21.568627450980394,28.0
52.053,980.0,21.568627450980394,28.0
52.149,1067.0,19.215686274509803,28.0
52.245,1138.0,19.215686274509803,27.0
52.341,1177.0,19.607843137254903,27.0
52.437,1202.0,19.607843137254903,27.0
52.534,1252.0,17.647058823529413,27.0
52.63,1276.0,17.647058823529413,27.0
52.725,1312.0,16.862745098039216,28.0
52.822,1332.0,16.862745098039216,28.0
52.918,1349.0,16.470588235294116,28.0
53.013,1363.0,16.470588235294116,28.0
53.11,1361.0,16.470588235294116,28.0
53.206,1365.0,16.470588235294116,28.0
53.302,1355.0,16.470588235294116,29.0
53.398,1363.0,16.07843137254902,29.0
53.495,1362.0,16.07843137254902,29.0
53.59,1366.0,16.07843137254902,29.0
53.687,1366.0,16.07843137254902,29.0
53.783,1372.0,15.686274509803921,29.0
53.878,1378.0,15.686274509803921,29.0
53.975,1378.0,15.294117647058824,30.0
54.071,1384.0,15.294117647058824,30.0
54.167,1380.0,15.294117647058824,30.0
54.263,1385.0,15.294117647058824,30.0
54.359,1390.0,16.07843137254902,30.0
54.455,1398.0,16.07843137254902,30.0
54.552,1407.0,16.07843137254902,30.0
54.647,1418.0,16.07843137254902,31.0
54.743,1426.0,15.294117647058824,30.0
54.839,1433.0,15.294117647058824,31.0
54.936,1437.0,15.294117647058824,31.0
55.032,1450.0,15.294117647058824,31.0
55.128,1453.0,14.901960784313726,31.0
55.224,1458.0,14.901960784313726,31.0
55.32,1459.0,15.294117647058824,31.0
55.417,1476.0,15.294117647058824,31.0
55.512,1476.0,14.509803921568627,31.0
55.608,1489.0,14.509803921568627,31.0
55.705,1505.0,14.509803921568627,32.0
55.8,1509.0,14.117647058823529,32.0
55.897,1506.0,14.117647058823529,32.0
55.993,1499.0,14.117647058823529,32.0
56.089,1432.0,14.117647058823529,32.0
56.185,1381.0,14.901960784313726,31.0
56.281,1322.0,14.901960784313726,32.0
56.377,1282.0,14.509803921568627,31.0
56.473,1244.0,14.509803921568627,31.0
56.57,1209.0,15.686274509803921,31.0
56.665,1177.0,15.686274509803921,31.0
56.761,1154.0,16.470588235294116,31.0
56.858,1128.0,16.470588235294116,31.0
56.954,1110.0,16.862745098039216,31.0
57.05,1087.0,16.862745098039216,31.0
57.146,1072.0,18.03921568627451,31.0
57.242,1054.0,18.03921568627451,31.0
57.339,1043.0,18.03921568627451,32.0
57.436,1030.0,18.03921568627451,32.0
57.53,1018.0,18.431372549019606,32.0
57.626,1007.0,18.431372549019606,32.0
57.723,995.0,19.215686274509803,32.0
57.819,986.0,19.215686274509803,32.0
57.915,974.0,20.392156862745097,32.0
58.011,966.0,20.392156862745097,32.0
58.108,961.0,19.607843137254903,32.0
58.203,955.0,19.607843137254903,32.0
58.299,951.0,19.607843137254903,32.0
58.395,945.0,20.784313725490197,32.0
58.491,940.0,20.784313725490197,32.0
58.587,934.0,20.392156862745097,33.0
58.684,1055.0,20.392156862745097,33.0
58.779,1208.0,17.254901960784313,33.0
58.876,1280.0,17.254901960784313,33.0
58.971,1335.0,17.254901960784313,33.0
59.068,1386.0,17.254901960784313,33.0
59.164,1427.0,15.686274509803921,33.0
59.26,1476.0,15.686274509803921,33.0
59.357,1504.0,14.901960784313726,34.0
59.453,1524.0,14.901960784313726,34.0
59.549,1514.0,13.72549019607843,34.0
59.645,1504.0,13.72549019607843,34.0
59.741,1442.0,14.509803921568627,34.0
59.837,1400.0,14.509803921568627,34.0
59.933,1357.0,13.72549019607843,34.0
60.029,1334.0,13.72549019607843,34.0
60.125,1313.0,14.117647058823529,34.0
60.222,1298.0,14.117647058823529,34.0
60.318,1288.0,14.509803921568627,34.0
60.413,1279.0,14.509803921568627,34.0
60.51,1274.0,14.509803921568627,33.0
60.606,1269.0,14.509803921568627,33.0
60.702,1267.0,14.509803921568627,33.0
60.798,1263.0,14.901960784313726,33.0
60.894,1257.0,14.901960784313726,33.0
60.99,1250.0,14.509803921568627,33.0
61.087,1242.0,14.509803921568627,33.0
61.182,1233.0,15.294117647058824,33.0
61.279,1225.0,15.294117647058824,33.0
61.374,1215.0,15.686274509803921,32.0
61.47,1203.0,15.686274509803921,32.0
61.567,1190.0,15.686274509803921,32.0
61.663,1172.0,15.686274509803921,32.0
61.759,1149.0,16.470588235294116,32.0
61.855,1133.0,16.470588235294116,31.0
61.951,1109.0,17.647058823529413,31.0
62.048,1083.0,17.647058823529413,31.0
62.143,1061.0,18.03921568627451,31.0
62.24,1037.0,18.03921568627451,31.0
62.336,1010.0,19.607843137254903,30.0
62.432,970.0,19.607843137254903,30.0
62.528,939.0,20.784313725490197,30.0
62.625,908.0,20.784313725490197,30.0
62.72,1009.0,18.823529411764707,30.0
62.817,1116.0,18.823529411764707,29.0
62.913,1195.0,18.823529411764707,29.0
63.008,1229.0,18.823529411764707,29.0
63.105,1266.0,18.823529411764707,28.0
63.202,1295.0,18.03921568627451,28.0
63.297,1324.0,18.03921568627451,27.0
63.393,1348.0,16.470588235294116,27.0
63.489,1359.0,16.470588235294116,27.0
63.585,1357.0,16.470588235294116,26.0
63.681,1354.0,16.470588235294116,26.0
63.777,1328.0,16.07843137254902,25.0
63.873,1311.0,16.07843137254902,24.0
63.97,1301.0,16.862745098039216,24.0
64.066,1280.0,16.862745098039216,23.0
64.162,1268.0,17.254901960784313,22.0
64.258,1251.0,17.254901960784313,22.0
64.354,1251.0,17.254901960784313,22.0
64.45,1245.0,17.254901960784313,21.0
64.546,1246.0,17.647058823529413,20.0
64.642,1241.0,17.647058823529413,20.0
64.739,1234.0,18.03921568627451,19.0
64.835,1230.0,18.03921568627451,19.0
64.931,1217.0,18.03921568627451,18.0
65.026,1195.0,18.03921568627451,17.0
65.122,1192.0,18.823529411764707,17.0
65.219,1173.0,18.823529411764707,16.0
65.315,1169.0,18.823529411764707,16.0
65.411,1152.0,18.823529411764707,15.0
65.507,1140.0,19.215686274509803,15.0
65.603,1124.0,19.215686274509803,15.0
65.699,1111.0,19.215686274509803,15.0
65.795,1092.0,20.0,14.0
65.892,1045.0,20.0,15.0
65.988,1026.0,21.96078431372549,14.0
66.084,1011.0,21.96078431372549,14.0
66.18,1009.0,22.745098039215687,14.0
66.276,1020.0,22.745098039215687,14.0
66.372,1030.0,21.96078431372549,15.0
66.468,1055.0,21.96078431372549,15.0
66.565,1072.0,21.568627450980394,15.0
66.66,1092.0,21.568627450980394,15.0
66.757,1114.0,20.784313725490197,15.0
66.852,1138.0,20.784313725490197,15.0
66.949,1150.0,20.0,15.0
67.045,1166.0,20.0,15.0
67.141,1181.0,20.0,16.0
67.237,1197.0,20.0,16.0
67.333,1204.0,19.215686274509803,16.0
67.43,1209.0,19.215686274509803,16.0
67.541,1207.0,18.823529411764707,16.0
67.638,1204.0,18.823529411764707,16.0
67.733,1202.0,18.823529411764707,16.0
67.83,1204.0,18.823529411764707,17.0
67.926,1205.0,18.03921568627451,17.0
68.022,1197.0,18.03921568627451,17.0
68.118,1198.0,18.431372549019606,17.0
68.214,1204.0,18.431372549019606,17.0
68.31,1211.0,21.176470588235293,17.0
68.407,1218.0,21.176470588235293,18.0
68.503,1228.0,21.176470588235293,18.0
68.598,1235.0,21.176470588235293,18.0
68.695,1242.0,21.176470588235293,18.0
68.791,1249.0,20.784313725490197,18.0
68.887,1256.0,20.784313725490197,18.0
68.983,1261.0,20.784313725490197,18.0
69.079,1266.0,20.784313725490197,18.0
69.175,1270.0,20.0,18.0
69.271,1273.0,20.0,19.0
69.368,1278.0,21.568627450980394,19.0
69.464,1277.0,21.568627450980394,19.0
69.56,1281.0,20.392156862745097,19.0
69.656,1287.0,20.392156862745097,19.0
69.752,1292.0,20.784313725490197,19.0
69.848,1294.0,20.784313725490197,19.0
69.944,1297.0,20.392156862745097,19.0
70.04,1307.0,20.392156862745097,19.0
70.136,1317.0,20.784313725490197,19.0
70.232,1318.0,20.784313725490197,19.0
70.329,1323.0,20.0,19.0
70.424,1337.0,20.0,19.0
70.521,1338.0,19.607843137254903,20.0
70.617,1333.0,19.607843137254903,19.0
70.713,1328.0,19.215686274509803,20.0
70.809,1332.0,19.215686274509803,20.0
70.905,1328.0,19.215686274509803,20.0
71.001,1326.0,18.823529411764707,20.0
71.097,1329.0,18.823529411764707,20.0
71.194,1327.0,19.215686274509803,20.0
71.289,1327.0,19.215686274509803,20.0
71.386,1327.0,19.607843137254903,20.0
71.482,1323.0,19.607843137254903,20.0
71.578,1298.0,18.431372549019606,20.0
71.674,1288.0,18.431372549019606,20.0
71.77,1278.0,16.862745098039216,20.0
71.866,1263.0,16.862745098039216,20.0
71.963,1248.0,17.254901960784313,20.0
72.059,1246.0,17.254901960784313,20.0
72.155,1231.0,18.03921568627451,20.0
72.251,1225.0,18.03921568627451,21.0
72.347,1227.0,18.03921568627451,20.0
72.443,1225.0,18.03921568627451,20.0
72.538,1223.0,17.647058823529413,21.0
72.635,1221.0,17.647058823529413,20.0
72.731,1220.0,18.431372549019606,20.0
72.827,1216.0,18.431372549019606,20.0
72.924,1213.0,18.431372549019606,20.0
73.02,1214.0,18.431372549019606,20.0
73.115,1209.0,18.431372549019606,20.0
73.211,1196.0,18.431372549019606,20.0
73.308,1195.0,18.823529411764707,20.0
73.404,1188.0,18.823529411764707,20.0
73.5,1184.0,18.823529411764707,20.0
73.596,1190.0,18.823529411764707,20.0
73.692,1184.0,18.823529411764707,20.0
73.788,1181.0,18.823529411764707,20.0
73.884,1184.0,18.823529411764707,20.0
73.981,1175.0,18.431372549019606,20.0
74.077,1166.0,18.431372549019606,20.0
74.172,1172.0,18.823529411764707,20.0
74.269,1157.0,18.823529411764707,20.0
74.365,1160.0,19.215686274509803,20.0
74.461,1162.0,19.215686274509803,20.0
74.557,1165.0,20.0,20.0
74.653,1170.0,20.0,20.0
74.749,1171.0,19.215686274509803,20.0
74.846,1173.0,19.215686274509803,20.0
74.942,1167.0,19.215686274509803,20.0
75.037,1184.0,19.215686274509803,20.0
75.134,1179.0,18.823529411764707,20.0
75.23,1177.0,18.823529411764707,20.0
75.326,1184.0,18.823529411764707,20.0
75.422,1178.0,18.823529411764707,20.0
75.517,1189.0,19.215686274509803,21.0
75.614,1201.0,19.215686274509803,21.0
75.71,1197.0,19.215686274509803,21.0
75.807,1193.0,19.215686274509803,21.0
75.902,1200.0,19.215686274509803,21.0
75.999,1204.0,18.823529411764707,21.0
76.095,1204.0,18.823529411764707,21.0
76.191,1206.0,19.215686274509803,21.0
76.287,1203.0,19.215686274509803,21.0
76.383,1199.0,19.215686274509803,21.0
76.479,1212.0,19.215686274509803,21.0
76.575,1213.0,18.823529411764707,21.0
76.671,1222.0,18.823529411764707,21.0
76.767,1219.0,18.431372549019606,21.0
76.863,1221.0,18.431372549019606,21.0
76.96,1223.0,18.431372549019606,21.0
77.056,1211.0,18.431372549019606,21.0
77.151,1208.0,18.03921568627451,21.0
77.248,1204.0,18.03921568627451,21.0
77.344,1203.0,18.03921568627451,21.0
77.44,1193.0,18.03921568627451,22.0
77.536,1196.0,18.431372549019606,22.0
77.633,1195.0,18.431372549019606,22.0
77.728,1206.0,18.431372549019606,22.0
77.825,1215.0,18.431372549019606,22.0
77.921,1219.0,18.03921568627451,22.0
78.017,1222.0,18.03921568627451,22.0
78.113,1219.0,18.03921568627451,22.0
78.209,1229.0,18.03921568627451,22.0
78.305,1231.0,18.03921568627451,22.0
78.401,1230.0,18.03921568627451,22.0
78.497,1231.0,18.03921568627451,22.0
78.593,1231.0,18.431372549019606,22.0
78.69,1234.0,18.431372549019606,22.0
78.786,1241.0,18.431372549019606,22.0
78.882,1231.0,18.431372549019606,22.0
78.978,1230.0,18.03921568627451,23.0
79.074,1231.0,18.03921568627451,23.0
79.17,1229.0,18.03921568627451,23.0
79.266,1236.0,18.03921568627451,23.0
79.362,1235.0,18.03921568627451,23.0
79.458,1235.0,18.03921568627451,23.0
79.554,1230.0,18.431372549019606,23.0
79.651,1231.0,18.431372549019606,23.0
79.747,1242.0,18.431372549019606,23.0
79.843,1241.0,18.431372549019606,23.0
79.939,1243.0,18.03921568627451,23.0
80.035,1239.0,18.03921568627451,24.0
80.133,1236.0,18.03921568627451,24.0
80.227,1234.0,18.03921568627451,24.0
80.323,1230.0,18.431372549019606,24.0
80.419,1234.0,18.431372549019606,24.0
80.515,1240.0,18.431372549019606,24.0
80.611,1247.0,18.431372549019606,24.0
80.708,1257.0,18.03921568627451,24.0
80.804,1256.0,18.03921568627451,24.0
80.9,1253.0,18.03921568627451,24.0
80.996,1251.0,17.647058823529413,24.0
81.092,1244.0,17.647058823529413,25.0
81.188,1248.0,18.431372549019606,25.0
81.284,1239.0,18.431372549019606,25.0
81.38,1252.0,18.03921568627451,25.0
81.476,1250.0,18.03921568627451,25.0
81.572,1251.0,18.03921568627451,25.0
81.669,1252.0,18.03921568627451,25.0
81.764,1262.0,18.03921568627451,25.0
81.861,1265.0,18.03921568627451,25.0
81.957,1266.0,17.647058823529413,26.0
82.053,1270.0,17.647058823529413,26.0
82.149,1267.0,17.647058823529413,26.0
82.245,1258.0,17.647058823529413,26.0
82.341,1271.0,17.254901960784313,26.0
82.437,1257.0,17.254901960784313,26.0
82.534,1264.0,17.254901960784313,26.0
82.629,1252.0,17.254901960784313,26.0
82.726,1260.0,17.647058823529413,26.0
82.822,1248.0,17.647058823529413,26.0
82.918,1251.0,17.254901960784313,26.0
83.014,1253.0,17.254901960784313,26.0
83.11,1244.0,18.03921568627451,26.0
83.207,1250.0,18.03921568627451,26.0
83.303,1251.0,18.03921568627451,27.0
83.399,1254.0,17.647058823529413,27.0
83.495,1254.0,17.647058823529413,27.0
83.591,1264.0,17.254901960784313,27.0
83.687,1252.0,17.254901960784313,27.0
83.783,1261.0,17.647058823529413,27.0
83.879,1254.0,17.647058823529413,27.0
83.975,1261.0,17.647058823529413,27.0
84.071,1261.0,17.647058823529413,27.0
84.167,1261.0,17.254901960784313,27.0
84.264,1262.0,17.254901960784313,27.0
84.36,1261.0,17.647058823529413,27.0
84.455,1258.0,17.647058823529413,27.0
84.551,1267.0,16.862745098039216,27.0
84.648,1279.0,16.862745098039216,27.0
84.744,1280.0,17.254901960784313,27.0
84.84,1278.0,17.254901960784313,27.0
84.936,1281.0,16.862745098039216,27.0
85.032,1273.0,16.862745098039216,27.0
85.128,1286.0,16.862745098039216,27.0
85.225,1275.0,16.862745098039216,28.0
85.32,1274.0,16.862745098039216,27.0
85.417,1269.0,16.862745098039216,27.0
85.513,1267.0,17.254901960784313,27.0
85.609,1272.0,17.254901960784313,27.0
85.705,1259.0,17.254901960784313,27.0
85.801,1250.0,17.254901960784313,26.0
85.897,1253.0,17.254901960784313,26.0
85.993,1256.0,17.254901960784313,26.0
86.09,1254.0,17.254901960784313,26.0
86.185,1260.0,17.254901960784313,26.0
86.282,1243.0,17.254901960784313,26.0
86.377,1245.0,17.254901960784313,25.0
86.474,1238.0,17.254901960784313,25.0
86.57,1233.0,18.03921568627451,25.0
86.666,1228.0,18.03921568627451,25.0
86.762,1231.0,18.03921568627451,25.0
86.859,1229.0,18.03921568627451,24.0
86.955,1235.0,17.647058823529413,24.0
87.051,1220.0,17.647058823529413,24.0
87.147,1231.0,17.254901960784313,24.0
87.242,1222.0,17.254901960784313,24.0
87.339,1238.0,17.647058823529413,24.0
87.435,1241.0,17.647058823529413,24.0
87.531,1245.0,17.647058823529413,24.0
87.627,1250.0,17.647058823529413,24.0
87.723,1250.0,17.254901960784313,24.0
87.819,1253.0,17.254901960784313,23.0
87.915,1256.0,16.862745098039216,23.0
88.012,1252.0,16.862745098039216,24.0
88.107,1247.0,17.647058823529413,23.0
88.204,1245.0,17.647058823529413,23.0
88.3,1238.0,17.647058823529413,24.0
88.396,1243.0,17.647058823529413,24.0
88.492,1246.0,17.647058823529413,24.0
88.588,1247.0,17.254901960784313,24.0
88.685,1254.0,17.254901960784313,24.0
88.78,1258.0,17.254901960784313,24.0
88.876,1248.0,17.254901960784313,24.0
88.972,1247.0,17.647058823529413,24.0
89.068,1250.0,17.647058823529413,25.0
89.164,1260.0,17.254901960784313,25.0
89.26,1257.0,17.254901960784313,25.0
89.357,1268.0,17.647058823529413,25.0
89.453,1266.0,17.647058823529413,25.0
89.549,1269.0,17.647058823529413,25.0
89.645,1269.0,17.647058823529413,25.0
89.741,1267.0,16.862745098039216,26.0
89.838,1267.0,16.862745098039216,26.0
89.934,1256.0,17.647058823529413,26.0
90.029,1261.0,17.647058823529413,26.0
90.126,1275.0,16.862745098039216,26.0
90.222,1269.0,16.862745098039216,27.0
90.318,1265.0,17.254901960784313,27.0
90.414,1271.0,17.254901960784313,27.0
90.51,1277.0,16.862745098039216,27.0
90.606,1268.0,16.862745098039216,27.0
90.702,1278.0,16.862745098039216,27.0
90.798,1267.0,17.254901960784313,28.0
90.895,1276.0,17.254901960784313,28.0
90.991,1264.0,16.862745098039216,28.0
91.087,1274.0,16.862745098039216,28.0
91.183,1278.0,16.862745098039216,28.0
91.279,1275.0,16.862745098039216,28.0
91.375,1284.0,17.254901960784313,29.0
91.473,1291.0,17.254901960784313,29.0
91.567,1287.0,16.862745098039216,29.0
91.664,1297.0,16.862745098039216,29.0
91.759,1286.0,16.470588235294116,30.0
91.855,1293.0,16.470588235294116,30.0
91.952,1289.0,17.254901960784313,30.0
92.048,1302.0,17.254901960784313,30.0
92.144,1288.0,16.862745098039216,30.0
92.241,1298.0,16.862745098039216,31.0
92.336,1297.0,16.862745098039216,30.0
92.432,1306.0,16.862745098039216,30.0
92.529,1284.0,16.862745098039216,30.0
92.624,1286.0,16.862745098039216,31.0
92.72,1297.0,16.470588235294116,31.0
92.816,1306.0,16.470588235294116,31.0
92.913,1324.0,16.862745098039216,31.0
93.009,1323.0,16.862745098039216,31.0
93.105,1335.0,16.07843137254902,32.0
93.201,1337.0,16.07843137254902,32.0
93.297,1355.0,16.07843137254902,32.0
93.394,1353.0,15.294117647058824,32.0
93.489,1365.0,15.294117647058824,32.0
93.586,1357.0,15.294117647058824,33.0
93.682,1347.0,15.294117647058824,33.0
93.778,1340.0,15.686274509803921,33.0
93.874,1319.0,15.686274509803921,33.0
93.97,1312.0,15.686274509803921,33.0
94.066,1299.0,15.686274509803921,33.0
94.163,1286.0,16.07843137254902,33.0
94.258,1267.0,16.07843137254902,33.0
94.354,1249.0,16.862745098039216,33.0
94.45,1215.0,16.862745098039216,33.0
94.547,1199.0,17.647058823529413,33.0
94.643,1176.0,17.647058823529413,33.0
94.739,1161.0,18.431372549019606,33.0
94.835,1187.0,18.431372549019606,33.0
94.931,1207.0,28.235294117647058,33.0
95.027,1168.0,28.235294117647058,33.0
95.123,1161.0,17.254901960784313,33.0
95.219,1157.0,17.254901960784313,33.0
95.315,1154.0,18.431372549019606,33.0
95.412,1150.0,18.431372549019606,32.0
95.507,1129.0,19.607843137254903,32.0
95.604,1130.0,19.607843137254903,32.0
95.7,1113.0,19.607843137254903,32.0
95.796,1113.0,19.215686274509803,32.0
95.892,1099.0,19.215686274509803,32.0
95.988,1097.0,19.607843137254903,32.0
96.084,1090.0,19.607843137254903,32.0
96.18,1086.0,19.607843137254903,32.0
96.276,1098.0,19.607843137254903,32.0
96.373,1097.0,20.392156862745097,33.0
96.468,1108.0,20.392156862745097,33.0
96.564,1102.0,19.607843137254903,33.0
96.661,1098.0,19.607843137254903,33.0
96.757,1096.0,19.215686274509803,33.0
96.853,1107.0,19.215686274509803,33.0
96.949,1111.0,19.607843137254903,34.0
97.045,1108.0,19.607843137254903,33.0
97.141,1115.0,19.607843137254903,34.0
97.237,1116.0,19.607843137254903,34.0
97.333,1110.0,19.215686274509803,34.0
97.43,1101.0,19.215686274509803,34.0
97.526,1100.0,20.0,34.0
97.622,1103.0,20.0,34.0
97.718,1099.0,19.215686274509803,35.0
97.814,1106.0,19.215686274509803,35.0
97.91,1110.0,19.215686274509803,35.0
98.006,1117.0,19.215686274509803,34.0
98.102,1123.0,19.215686274509803,35.0
98.199,1120.0,19.607843137254903,34.0
98.295,1118.0,19.607843137254903,34.0
98.392,1117.0,18.823529411764707,34.0
98.487,1111.0,18.823529411764707,34.0
98.582,1107.0,19.607843137254903,34.0
98.679,1102.0,19.607843137254903,34.0
98.775,1099.0,19.215686274509803,34.0
98.871,1101.0,19.215686274509803,34.0
98.967,1100.0,20.0,34.0
99.064,1090.0,20.0,34.0
99.16,1096.0,20.392156862745097,34.0
99.255,1103.0,20.392156862745097,33.0
99.351,1110.0,19.215686274509803,33.0
99.448,1112.0,19.215686274509803,33.0
99.544,1109.0,19.607843137254903,33.0
99.64,1109.0,19.607843137254903,34.0
99.736,1112.0,20.0,34.0
99.832,1121.0,20.0,34.0
99.93,1113.0,19.215686274509803,34.0
100.024,1118.0,19.215686274509803,34.0
100.12,1129.0,19.607843137254903,34.0
100.216,1127.0,19.607843137254903,35.0
100.313,1125.0,18.823529411764707,35.0
100.409,1141.0,18.823529411764707,35.0
100.505,1144.0,19.215686274509803,35.0
100.601,1147.0,19.215686274509803,35.0
100.697,1148.0,19.215686274509803,35.0
100.793,1147.0,18.431372549019606,36.0
100.889,1147.0,18.431372549019606,36.0
100.985,1142.0,18.431372549019606,36.0
101.082,1152.0,18.431372549019606,36.0
101.178,1151.0,19.215686274509803,36.0
101.273,1149.0,19.215686274509803,36.0
101.369,1149.0,18.823529411764707,37.0
101.466,1151.0,18.823529411764707,37.0
101.562,1152.0,18.823529411764707,37.0
101.658,1156.0,18.823529411764707,37.0
101.754,1161.0,18.823529411764707,37.0
101.85,1154.0,18.823529411764707,37.0
101.946,1163.0,18.431372549019606,37.0
102.042,1156.0,18.431372549019606,37.0
102.139,1155.0,18.431372549019606,36.0
102.235,1151.0,18.431372549019606,36.0
102.33,1147.0,19.215686274509803,36.0
102.426,1154.0,19.215686274509803,36.0
102.523,1154.0,18.823529411764707,36.0
102.619,1157.0,18.823529411764707,36.0
102.715,1151.0,18.431372549019606,36.0
102.811,1149.0,18.431372549019606,36.0
102.907,1152.0,19.215686274509803,36.0
103.003,1155.0,19.215686274509803,36.0
103.099,1155.0,19.215686274509803,36.0
103.196,1151.0,18.431372549019606,36.0
103.292,1155.0,18.431372549019606,36.0
103.388,1154.0,18.431372549019606,35.0
103.484,1156.0,18.431372549019606,35.0
103.58,1157.0,18.823529411764707,35.0
103.677,1152.0,18.823529411764707,35.0
103.772,1151.0,18.431372549019606,35.0
103.869,1155.0,18.431372549019606,35.0
103.964,1160.0,18.431372549019606,35.0
104.06,1166.0,18.431372549019606,35.0
104.157,1160.0,18.431372549019606,35.0
104.253,1159.0,18.431372549019606,35.0
104.35,1156.0,18.823529411764707,35.0
104.445,1145.0,18.823529411764707,35.0
104.541,1145.0,18.03921568627451,35.0
104.637,1142.0,18.03921568627451,35.0
104.735,1143.0,18.431372549019606,35.0
104.83,1144.0,18.431372549019606,35.0
104.925,1145.0,18.823529411764707,35.0
105.022,1137.0,18.823529411764707,35.0
105.118,1137.0,18.03921568627451,35.0
105.214,1150.0,18.03921568627451,35.0
105.31,1154.0,18.431372549019606,35.0
105.406,1153.0,18.431372549019606,35.0
105.502,1145.0,18.431372549019606,35.0
105.599,1147.0,18.823529411764707,35.0
105.694,1141.0,18.823529411764707,35.0
105.791,1140.0,18.03921568627451,35.0
105.887,1141.0,18.03921568627451,35.0
105.983,1132.0,18.823529411764707,35.0
106.08,1133.0,18.823529411764707,35.0
106.175,1140.0,18.431372549019606,36.0
106.271,1137.0,18.431372549019606,36.0
106.367,1136.0,18.431372549019606,36.0
106.463,1141.0,18.431372549019606,36.0
106.559,1143.0,18.431372549019606,36.0
106.656,1154.0,18.431372549019606,36.0
106.751,1150.0,18.03921568627451,36.0
106.847,1140.0,18.03921568627451,36.0
106.944,1143.0,18.823529411764707,36.0
107.04,1140.0,18.823529411764707,36.0
107.136,1133.0,18.823529411764707,36.0
107.232,1135.0,18.823529411764707,36.0
107.328,1141.0,18.431372549019606,36.0
107.424,1141.0,18.431372549019606,36.0
107.521,1151.0,18.431372549019606,35.0
107.616,1149.0,18.431372549019606,35.0
107.713,1149.0,18.03921568627451,35.0
107.808,1149.0,18.03921568627451,35.0
107.904,1143.0,18.823529411764707,35.0
108.001,1137.0,18.823529411764707,34.0
108.097,1138.0,18.823529411764707,34.0
108.193,1129.0,18.823529411764707,34.0
108.29,1133.0,18.823529411764707,34.0
108.385,1128.0,18.431372549019606,34.0
108.482,1122.0,18.431372549019606,33.0
108.577,1120.0,19.215686274509803,33.0
108.673,1123.0,19.215686274509803,33.0
108.77,1116.0,18.431372549019606,33.0
108.866,1119.0,18.431372549019606,33.0
108.962,1110.0,19.215686274509803,32.0
109.058,1055.0,19.215686274509803,32.0
109.154,985.0,20.784313725490197,32.0
109.25,954.0,20.784313725490197,32.0
109.346,970.0,36.86274509803921,31.0
109.442,1028.0,36.86274509803921,31.0
109.539,1067.0,34.90196078431372,31.0
109.635,1101.0,34.90196078431372,31.0
109.731,1153.0,32.94117647058823,31.0
109.827,1201.0,32.94117647058823,30.0
109.923,1233.0,31.764705882352942,30.0
110.019,1241.0,31.764705882352942,30.0
110.115,1251.0,30.980392156862745,30.0
110.211,1264.0,30.980392156862745,30.0
110.308,1260.0,29.41176470588235,30.0
110.404,1253.0,29.41176470588235,29.0
110.5,1247.0,29.41176470588235,29.0
110.596,1232.0,29.41176470588235,29.0
110.692,1226.0,29.41176470588235,29.0
110.788,1219.0,29.41176470588235,29.0
110.884,1216.0,29.41176470588235,29.0
110.98,1214.0,29.41176470588235,28.0
111.076,1217.0,29.41176470588235,28.0
111.172,1213.0,29.019607843137255,28.0
111.268,1211.0,29.019607843137255,29.0
111.365,1216.0,29.019607843137255,29.0
111.461,1218.0,29.019607843137255,29.0
111.557,1219.0,28.235294117647058,29.0
111.653,1220.0,28.235294117647058,29.0
111.749,1212.0,29.41176470588235,29.0
111.845,1199.0,29.41176470588235,29.0
111.941,1182.0,27.058823529411764,29.0
112.037,1171.0,27.058823529411764,29.0
112.133,1164.0,28.235294117647058,29.0
112.229,1159.0,28.235294117647058,29.0
112.325,1153.0,27.058823529411764,29.0
112.422,1146.0,27.058823529411764,29.0
112.518,1139.0,28.235294117647058,29.0
112.614,1137.0,28.235294117647058,29.0
112.71,1141.0,28.627450980392158,29.0
112.806,1142.0,28.627450980392158,29.0
112.902,1145.0,27.45098039215686,30.0
112.998,1150.0,27.45098039215686,30.0
113.094,1152.0,27.45098039215686,30.0
113.191,1157.0,28.235294117647058,30.0
113.286,1154.0,28.235294117647058,30.0
113.383,1155.0,27.84313725490196,30.0
113.479,1159.0,27.84313725490196,30.0
113.575,1156.0,26.666666666666668,30.0
113.671,1160.0,26.666666666666668,30.0
113.767,1156.0,28.235294117647058,30.0
113.863,1152.0,28.235294117647058,30.0
113.959,1151.0,28.235294117647058,30.0
114.056,1151.0,28.235294117647058,30.0
114.151,1146.0,27.45098039215686,30.0
114.247,1142.0,27.45098039215686,30.0
114.344,1141.0,27.84313725490196,30.0
114.44,1141.0,27.84313725490196,30.0
114.535,1144.0,28.627450980392158,30.0
114.632,1139.0,28.627450980392158,30.0
114.728,1134.0,26.666666666666668,29.0
114.824,1132.0,26.666666666666668,29.0
114.92,1130.0,27.84313725490196,28.0
115.017,1126.0,27.84313725490196,28.0
115.113,1118.0,27.84313725490196,28.0
115.209,1110.0,27.84313725490196,27.0
115.305,1103.0,28.627450980392158,26.0
115.4,1086.0,28.627450980392158,26.0
115.497,1078.0,28.627450980392158,25.0
115.593,1068.0,28.627450980392158,24.0
115.689,1063.0,28.627450980392158,24.0
115.785,1062.0,30.19607843137255,23.0
115.881,1061.0,30.19607843137255,22.0
115.978,1060.0,30.58823529411765,22.0
116.074,1063.0,30.58823529411765,21.0
116.17,1061.0,30.58823529411765,20.0
116.266,1053.0,30.58823529411765,20.0
116.362,1051.0,29.41176470588235,19.0
116.457,1050.0,29.41176470588235,19.0
116.554,1061.0,29.41176470588235,19.0
116.653,1068.0,29.41176470588235,18.0
116.746,1086.0,29.019607843137255,18.0
116.843,1095.0,29.019607843137255,18.0
116.938,1109.0,27.84313725490196,18.0
117.034,1121.0,27.84313725490196,18.0
117.13,1126.0,26.666666666666668,18.0
117.227,1136.0,26.666666666666668,18.0
117.323,1131.0,28.235294117647058,18.0
117.418,1143.0,28.235294117647058,18.0
117.515,1159.0,26.274509803921568,18.0
117.611,1150.0,26.274509803921568,18.0
117.707,1132.0,21.96078431372549,18.0
117.803,1104.0,21.96078431372549,18.0
117.899,1072.0,21.96078431372549,18.0
117.996,1092.0,20.784313725490197,18.0
118.091,1120.0,20.784313725490197,18.0
118.187,1130.0,20.392156862745097,18.0
118.283,1136.0,20.392156862745097,18.0
118.38,1144.0,19.607843137254903,18.0
118.476,1142.0,19.607843137254903,19.0
118.572,1135.0,20.0,19.0
118.668,1128.0,20.0,19.0
118.764,1117.0,19.607843137254903,19.0
118.86,1105.0,19.607843137254903,20.0
118.956,1091.0,20.392156862745097,20.0
119.053,1080.0,20.392156862745097,20.0
119.149,1072.0,20.392156862745097,20.0
119.244,1068.0,20.392156862745097,20.0
119.341,1072.0,20.784313725490197,21.0
119.436,1088.0,20.784313725490197,21.0
119.533,1099.0,20.784313725490197,21.0
119.629,1107.0,20.784313725490197,21.0
119.725,1108.0,20.0,21.0
119.821,1109.0,20.0,21.0
119.918,1113.0,18.03921568627451,21.0
120.013,1113.0,18.03921568627451,22.0
120.109,1112.0,18.431372549019606,22.0
120.205,1103.0,18.431372549019606,22.0
120.302,1099.0,18.431372549019606,22.0
120.398,1098.0,18.431372549019606,23.0
120.494,1120.0,18.431372549019606,23.0
120.591,1162.0,18.03921568627451,23.0
120.686,1206.0,18.03921568627451,23.0
120.783,1248.0,19.215686274509803,24.0
120.879,1283.0,19.215686274509803,24.0
120.975,1311.0,18.03921568627451,24.0
121.071,1336.0,18.03921568627451,24.0
121.167,1359.0,16.470588235294116,25.0
121.263,1377.0,16.470588235294116,25.0
121.359,1397.0,16.470588235294116,25.0
121.455,1408.0,16.470588235294116,25.0
121.551,1421.0,15.294117647058824,26.0
121.648,1433.0,15.294117647058824,26.0
121.743,1444.0,15.294117647058824,26.0
121.839,1451.0,15.294117647058824,26.0
121.935,1463.0,14.509803921568627,27.0
122.032,1483.0,14.509803921568627,27.0
122.128,1497.0,14.901960784313726,27.0
122.224,1482.0,14.901960784313726,27.0
122.32,1398.0,14.901960784313726,27.0
122.416,1271.0,14.901960784313726,28.0
122.512,1155.0,16.862745098039216,28.0
122.609,1067.0,16.862745098039216,28.0
122.705,957.0,21.568627450980394,28.0
122.801,903.0,21.568627450980394,28.0
122.896,924.0,21.568627450980394,29.0
122.992,1062.0,21.96078431372549,29.0
123.088,1155.0,21.96078431372549,29.0
123.185,1220.0,27.84313725490196,29.0
123.281,1276.0,27.84313725490196,29.0
123.377,1348.0,15.686274509803921,29.0
123.473,1388.0,15.686274509803921,29.0
123.569,1425.0,15.294117647058824,30.0
123.666,1454.0,15.294117647058824,30.0
123.762,1469.0,14.901960784313726,30.0
123.858,1472.0,14.901960784313726,30.0
123.954,1471.0,14.117647058823529,30.0
124.049,1472.0,14.117647058823529,30.0
124.145,1460.0,14.901960784313726,31.0
124.242,1452.0,14.901960784313726,30.0
124.338,1446.0,14.901960784313726,31.0
124.434,1454.0,14.901960784313726,31.0
124.531,1460.0,14.509803921568627,31.0
124.626,1470.0,14.509803921568627,31.0
124.723,1473.0,14.509803921568627,31.0
124.819,1477.0,14.509803921568627,31.0
124.915,1484.0,14.509803921568627,32.0
125.011,1473.0,14.509803921568627,32.0
125.107,1464.0,14.901960784313726,32.0
125.203,1451.0,14.901960784313726,32.0
125.299,1432.0,14.901960784313726,32.0
125.395,1416.0,14.901960784313726,32.0
125.491,1398.0,14.901960784313726,32.0
125.588,1377.0,15.294117647058824,32.0
125.684,1351.0,15.294117647058824,32.0
125.779,1333.0,15.686274509803921,32.0
125.875,1319.0,15.686274509803921,31.0
125.971,1304.0,16.470588235294116,31.0
126.068,1293.0,16.470588235294116,31.0
126.164,1273.0,16.470588235294116,31.0
126.26,1270.0,16.470588235294116,32.0
126.357,1263.0,16.862745098039216,31.0
126.453,1263.0,16.862745098039216,31.0
126.549,1265.0,16.862745098039216,31.0
126.645,1258.0,16.862745098039216,31.0
126.74,1258.0,17.647058823529413,31.0
126.837,1250.0,17.647058823529413,31.0
126.933,1249.0,17.254901960784313,30.0
127.029,1240.0,17.254901960784313,30.0
127.125,1240.0,17.647058823529413,30.0
127.221,1239.0,17.647058823529413,30.0
127.317,1231.0,18.03921568627451,30.0
127.413,1233.0,18.03921568627451,30.0
127.51,1232.0,17.254901960784313,29.0
127.606,1235.0,17.254901960784313,29.0
127.701,1235.0,17.647058823529413,29.0
127.797,1230.0,17.647058823529413,29.0
127.894,1223.0,17.647058823529413,29.0
127.99,1220.0,18.03921568627451,29.0
128.086,1217.0,18.03921568627451,28.0
128.182,1216.0,18.431372549019606,28.0
128.278,1207.0,18.431372549019606,28.0
128.375,1205.0,18.03921568627451,28.0
128.471,1203.0,18.03921568627451,28.0
128.566,1207.0,18.03921568627451,27.0
128.663,1207.0,18.03921568627451,27.0
128.759,1204.0,18.03921568627451,27.0
128.854,1197.0,18.03921568627451,26.0
128.951,1194.0,18.03921568627451,26.0
129.047,1193.0,18.03921568627451,26.0
129.143,1194.0,18.03921568627451,26.0
129.239,1188.0,18.03921568627451,26.0
129.336,1190.0,18.431372549019606,25.0
129.432,1185.0,18.431372549019606,25.0
129.528,1181.0,18.823529411764707,25.0
129.623,1185.0,18.823529411764707,25.0
129.72,1187.0,19.215686274509803,24.0
129.815,1180.0,19.215686274509803,24.0
129.912,1173.0,19.215686274509803,24.0
130.008,1181.0,19.215686274509803,23.0
130.104,1179.0,18.823529411764707,23.0
130.201,1177.0,18.823529411764707,23.0
130.296,1175.0,18.823529411764707,23.0
130.393,1175.0,18.823529411764707,22.0
130.488,1174.0,18.823529411764707,22.0
130.585,1173.0,18.431372549019606,22.0
130.681,1175.0,18.431372549019606,22.0
130.776,1171.0,18.431372549019606,22.0
130.873,1173.0,18.431372549019606,22.0
130.969,1165.0,19.215686274509803,21.0
131.065,1139.0,19.215686274509803,22.0
131.161,1139.0,19.607843137254903,21.0
131.258,1137.0,19.607843137254903,22.0
131.353,1138.0,19.215686274509803,22.0
131.45,1128.0,19.215686274509803,22.0
131.546,1127.0,19.215686274509803,22.0
131.642,1122.0,19.215686274509803,22.0
131.737,1126.0,19.607843137254903,21.0
131.834,1117.0,19.607843137254903,21.0
131.93,1116.0,19.215686274509803,21.0
132.026,1115.0,19.215686274509803,21.0
132.122,1107.0,19.607843137254903,21.0
132.218,1113.0,19.607843137254903,21.0
132.315,1108.0,20.0,21.0
132.411,1103.0,20.0,20.0
132.507,1097.0,19.607843137254903,20.0
132.602,1094.0,19.607843137254903,20.0
132.699,1089.0,19.607843137254903,20.0
132.795,1084.0,20.392156862745097,19.0
132.891,1073.0,20.392156862745097,19.0
132.987,1070.0,20.392156862745097,19.0
133.083,1064.0,20.392156862745097,19.0
133.179,1064.0,20.0,19.0
133.276,1062.0,20.0,19.0
133.372,1055.0,20.0,18.0
133.468,1052.0,20.0,18.0
133.564,1047.0,20.392156862745097,18.0
133.66,1045.0,20.392156862745097,18.0
133.756,1046.0,20.392156862745097,17.0
133.852,1039.0,20.392156862745097,17.0
133.948,1031.0,20.392156862745097,17.0
134.044,1028.0,20.392156862745097,17.0
134.14,1036.0,20.392156862745097,17.0
134.237,1033.0,20.392156862745097,16.0
134.333,1030.0,20.784313725490197,16.0
134.429,1036.0,20.784313725490197,16.0
134.525,1036.0,20.784313725490197,16.0
134.621,1026.0,20.784313725490197,16.0
134.717,1030.0,21.176470588235293,16.0
134.813,1033.0,21.176470588235293,15.0
134.909,1031.0,21.568627450980394,16.0
135.005,1034.0,21.568627450980394,16.0
135.101,1044.0,20.784313725490197,15.0
135.198,1048.0,20.784313725490197,15.0
135.294,1049.0,20.784313725490197,15.0
135.39,1050.0,20.784313725490197,15.0
135.486,1050.0,20.784313725490197,15.0
135.582,1050.0,20.784313725490197,15.0
135.678,1050.0,20.784313725490197,15.0
135.774,1057.0,20.784313725490197,15.0
135.87,1057.0,20.784313725490197,15.0
135.966,1065.0,20.784313725490197,15.0
136.062,1066.0,20.784313725490197,15.0
136.159,1061.0,20.784313725490197,15.0
136.255,1067.0,20.784313725490197,15.0
136.351,1061.0,20.784313725490197,15.0
136.447,1061.0,20.784313725490197,15.0
136.543,1062.0,20.784313725490197,15.0
136.639,1050.0,20.784313725490197,15.0
136.735,1052.0,20.784313725490197,15.0
136.831,1049.0,20.784313725490197,15.0
136.927,1049.0,20.784313725490197,15.0
137.023,1047.0,20.784313725490197,15.0
137.12,1055.0,20.784313725490197,16.0
137.215,1064.0,20.784313725490197,16.0
137.312,1069.0,20.392156862745097,16.0
137.408,1075.0,20.392156862745097,16.0
137.504,1077.0,20.0,17.0
137.6,1076.0,20.0,17.0
137.696,1081.0,20.0,17.0
137.792,1086.0,19.607843137254903,17.0
137.888,1084.0,19.607843137254903,18.0
137.985,1088.0,19.607843137254903,18.0
138.08,1094.0,19.607843137254903,18.0
138.177,1097.0,19.607843137254903,18.0
138.273,1098.0,19.607843137254903,19.0
138.369,1098.0,20.0,19.0
138.465,1092.0,20.0,19.0
138.561,1094.0,19.215686274509803,19.0
138.657,1090.0,19.215686274509803,19.0
138.754,1076.0,19.607843137254903,20.0
138.849,1085.0,19.607843137254903,20.0
138.945,1094.0,20.0,20.0
139.042,1095.0,20.0,21.0
139.138,1100.0,20.0,21.0
139.234,1095.0,20.0,21.0
139.329,1096.0,19.215686274509803,21.0
139.426,1094.0,19.215686274509803,21.0
139.522,1105.0,19.215686274509803,22.0
139.62,1114.0,19.215686274509803,22.0
139.714,1117.0,19.607843137254903,22.0
139.81,1119.0,19.607843137254903,22.0
139.907,1109.0,19.215686274509803,22.0
140.002,1104.0,19.215686274509803,22.0
140.098,1097.0,19.215686274509803,22.0
140.195,1092.0,20.0,21.0
140.291,1089.0,20.0,21.0
140.387,1086.0,19.607843137254903,21.0
140.483,1081.0,19.607843137254903,21.0
140.579,1073.0,19.215686274509803,21.0
140.676,1067.0,19.215686274509803,21.0
140.771,1065.0,20.0,21.0
140.867,1066.0,20.0,21.0
140.963,1066.0,20.784313725490197,21.0
141.059,1067.0,20.784313725490197,21.0
141.156,1064.0,20.392156862745097,20.0
141.252,1064.0,20.392156862745097,20.0
141.348,1071.0,20.784313725490197,20.0
141.444,1068.0,20.784313725490197,20.0
141.54,1065.0,20.392156862745097,20.0
141.636,1065.0,20.392156862745097,20.0
141.732,1076.0,19.607843137254903,20.0
141.828,1076.0,19.607843137254903,20.0
141.924,1081.0,19.607843137254903,20.0
142.02,1080.0,19.607843137254903,20.0
142.116,1073.0,19.607843137254903,20.0
142.213,1076.0,19.607843137254903,20.0
142.309,1081.0,20.0,21.0
142.405,1090.0,20.0,21.0
142.501,1099.0,20.0,21.0
142.597,1100.0,20.0,21.0
142.693,1109.0,20.0,21.0
142.79,1106.0,19.215686274509803,21.0
142.886,1106.0,19.215686274509803,21.0
142.982,1120.0,19.215686274509803,22.0
143.078,1122.0,19.215686274509803,22.0
143.174,1129.0,19.607843137254903,22.0
143.27,1124.0,19.607843137254903,22.0
143.366,1121.0,18.431372549019606,22.0
143.462,1114.0,18.431372549019606,22.0
143.558,1113.0,19.607843137254903,22.0
143.655,1118.0,19.607843137254903,22.0
143.751,1108.0,18.823529411764707,22.0
143.847,1111.0,18.823529411764707,22.0
143.942,1112.0,19.215686274509803,22.0
144.039,1113.0,19.215686274509803,22.0
144.135,1112.0,19.215686274509803,22.0
144.231,1103.0,19.215686274509803,22.0
144.327,1107.0,18.823529411764707,22.0
144.423,1101.0,18.823529411764707,22.0
144.519,1106.0,19.607843137254903,23.0
144.615,1109.0,19.607843137254903,23.0
144.711,1113.0,18.823529411764707,23.0
144.807,1113.0,18.823529411764707,23.0
144.903,1117.0,19.215686274509803,23.0
145.001,1120.0,19.215686274509803,23.0
145.096,1127.0,19.215686274509803,24.0
145.192,1132.0,18.823529411764707,24.0
145.288,1137.0,18.823529411764707,24.0
145.384,1140.0,18.823529411764707,24.0
145.481,1145.0,18.823529411764707,24.0
145.577,1139.0,18.431372549019606,25.0
145.673,1137.0,18.431372549019606,25.0
145.769,1144.0,18.431372549019606,25.0
145.865,1151.0,18.431372549019606,25.0
145.961,1153.0,18.03921568627451,26.0
146.057,1154.0,18.03921568627451,26.0
146.153,1152.0,18.03921568627451,26.0
146.25,1153.0,18.03921568627451,26.0
146.345,1154.0,18.03921568627451,27.0
146.441,1157.0,18.03921568627451,27.0
146.538,1156.0,17.647058823529413,27.0
146.634,1155.0,17.647058823529413,27.0
146.73,1161.0,18.03921568627451,27.0
146.826,1157.0,18.03921568627451,27.0
146.922,1159.0,18.03921568627451,27.0
147.018,1158.0,18.03921568627451,28.0
147.114,1159.0,17.647058823529413,28.0
147.21,1149.0,17.647058823529413,28.0
147.306,1141.0,17.647058823529413,28.0
147.403,1139.0,17.647058823529413,28.0
147.499,1143.0,17.647058823529413,28.0
147.594,1137.0,18.431372549019606,28.0
147.69,1144.0,18.431372549019606,28.0
147.787,1145.0,17.647058823529413,27.0
147.882,1141.0,17.647058823529413,27.0
147.979,1139.0,18.431372549019606,27.0
148.075,1124.0,18.431372549019606,27.0
148.171,1122.0,18.823529411764707,27.0
148.267,1120.0,18.823529411764707,27.0
148.364,1108.0,18.431372549019606,27.0
148.46,1107.0,18.431372549019606,27.0
148.555,1120.0,18.823529411764707,26.0
148.652,1115.0,18.823529411764707,26.0
148.748,1116.0,18.431372549019606,26.0
148.844,1113.0,18.431372549019606,26.0
148.94,1117.0,18.431372549019606,25.0
149.036,1109.0,18.431372549019606,25.0
149.132,1099.0,19.215686274509803,25.0
149.229,1100.0,19.215686274509803,25.0
149.325,1102.0,18.431372549019606,24.0
149.42,1102.0,18.431372549019606,24.0
149.516,1104.0,18.823529411764707,24.0
149.612,1097.0,18.823529411764707,24.0
149.708,1091.0,19.215686274509803,24.0
149.804,1084.0,19.215686274509803,23.0
149.901,1089.0,18.431372549019606,23.0
149.997,1087.0,18.431372549019606,23.0
150.093,1083.0,18.431372549019606,23.0
150.189,1085.0,18.823529411764707,23.0
150.285,1088.0,18.823529411764707,22.0
150.381,1091.0,19.607843137254903,22.0
150.477,1095.0,19.607843137254903,22.0
150.574,1095.0,18.823529411764707,22.0
150.669,1094.0,18.823529411764707,21.0
150.765,1097.0,18.823529411764707,21.0
150.862,1101.0,18.823529411764707,21.0
150.958,1098.0,18.823529411764707,21.0
151.054,1098.0,18.823529411764707,21.0
151.151,1089.0,19.215686274509803,21.0
151.247,1089.0,19.215686274509803,21.0
151.343,1087.0,18.431372549019606,21.0
151.439,1094.0,18.431372549019606,21.0
151.535,1088.0,19.215686274509803,21.0
151.631,1096.0,19.215686274509803,21.0
151.727,1107.0,19.215686274509803,21.0
151.822,1120.0,19.215686274509803,21.0
151.919,1137.0,21.568627450980394,21.0
152.015,1152.0,21.568627450980394,21.0
152.112,1170.0,21.568627450980394,22.0
152.207,1180.0,21.568627450980394,22.0
152.303,1199.0,20.392156862745097,22.0
152.4,1206.0,20.392156862745097,22.0
152.496,1222.0,20.392156862745097,22.0
152.591,1220.0,20.0,22.0
152.688,1231.0,20.0,22.0
152.784,1220.0,19.607843137254903,22.0
152.88,1222.0,19.607843137254903,22.0
152.976,1220.0,19.607843137254903,21.0
153.072,1219.0,19.607843137254903,22.0
153.168,1219.0,20.0,22.0
153.265,1217.0,20.0,22.0
153.361,1217.0,20.392156862745097,22.0
153.457,1214.0,20.392156862745097,22.0
153.553,1219.0,20.0,22.0
153.649,1225.0,20.0,23.0
153.745,1231.0,20.392156862745097,23.0
153.841,1234.0,20.392156862745097,23.0
153.937,1240.0,19.607843137254903,23.0
154.034,1238.0,19.607843137254903,23.0
154.129,1248.0,18.823529411764707,23.0
154.225,1238.0,18.823529411764707,24.0
154.321,1230.0,19.607843137254903,24.0
154.418,1230.0,19.607843137254903,24.0
154.514,1224.0,16.862745098039216,24.0
154.61,1203.0,16.862745098039216,24.0
154.706,1191.0,16.862745098039216,24.0
154.802,1192.0,16.862745098039216,25.0
154.898,1191.0,17.647058823529413,25.0
154.994,1192.0,17.647058823529413,25.0
155.091,1189.0,17.647058823529413,25.0
155.187,1180.0,17.647058823529413,25.0
155.282,1181.0,17.647058823529413,25.0
155.379,1182.0,18.03921568627451,26.0
155.475,1177.0,18.03921568627451,26.0
155.571,1180.0,18.03921568627451,26.0
155.667,1179.0,18.03921568627451,26.0
155.763,1172.0,18.03921568627451,26.0
155.859,1172.0,18.03921568627451,26.0
155.955,1172.0,17.647058823529413,27.0
156.052,1179.0,17.647058823529413,27.0
156.148,1171.0,17.254901960784313,27.0
156.244,1172.0,17.254901960784313,27.0
156.34,1179.0,17.254901960784313,27.0
156.436,1157.0,17.254901960784313,27.0
156.532,1146.0,18.431372549019606,27.0
156.628,1152.0,18.431372549019606,27.0
156.724,1150.0,18.431372549019606,28.0
156.821,1153.0,18.431372549019606,28.0
156.917,1151.0,17.647058823529413,27.0
157.013,1145.0,17.647058823529413,27.0
157.109,1142.0,18.431372549019606,28.0
157.206,1147.0,18.431372549019606,27.0
157.3,1143.0,18.431372549019606,28.0
157.397,1145.0,18.431372549019606,28.0
157.493,1137.0,18.431372549019606,28.0
157.589,1139.0,17.647058823529413,28.0
157.685,1137.0,17.647058823529413,27.0
157.781,1146.0,18.431372549019606,27.0
157.877,1131.0,18.431372549019606,27.0
157.974,1136.0,18.03921568627451,27.0
158.07,1133.0,18.03921568627451,27.0
158.165,1136.0,18.431372549019606,27.0
158.261,1137.0,18.431372549019606,27.0
158.358,1138.0,18.431372549019606,27.0
158.454,1145.0,18.431372549019606,27.0
158.55,1143.0,17.647058823529413,27.0
158.646,1143.0,17.647058823529413,27.0
158.742,1142.0,18.431372549019606,27.0
158.839,1138.0,18.431372549019606,27.0
158.934,1131.0,18.03921568627451,26.0
159.03,1137.0,18.03921568627451,26.0
159.127,1141.0,18.431372549019606,26.0
159.222,1134.0,18.431372549019606,26.0
159.319,1140.0,18.431372549019606,26.0
159.415,1129.0,18.431372549019606,26.0
159.512,1135.0,18.03921568627451,26.0
159.607,1134.0,18.03921568627451,26.0
159.703,1132.0,18.823529411764707,26.0
159.799,1138.0,18.823529411764707,26.0
159.896,1139.0,18.823529411764707,25.0
159.991,1146.0,18.03921568627451,25.0
160.088,1143.0,18.03921568627451,25.0
160.184,1153.0,18.431372549019606,25.0
160.28,1139.0,18.431372549019606,25.0
160.376,1139.0,18.431372549019606,25.0
160.472,1146.0,18.431372549019606,25.0
160.568,1151.0,18.03921568627451,25.0
160.664,1154.0,18.03921568627451,25.0
160.76,1148.0,18.823529411764707,25.0
160.856,1155.0,18.823529411764707,24.0
160.953,1168.0,20.784313725490197,24.0
161.049,1181.0,20.784313725490197,24.0
161.144,1195.0,20.784313725490197,24.0
161.241,1205.0,20.784313725490197,24.0
161.337,1207.0,20.784313725490197,23.0
161.433,1215.0,20.784313725490197,23.0
161.529,1219.0,20.784313725490197,23.0
161.625,1217.0,20.784313725490197,23.0
161.722,1220.0,20.392156862745097,23.0
161.817,1224.0,20.392156862745097,23.0
161.913,1231.0,19.607843137254903,22.0
162.009,1225.0,19.607843137254903,22.0
162.106,1228.0,19.607843137254903,22.0
162.202,1230.0,19.607843137254903,22.0
162.298,1233.0,20.0,22.0
162.394,1224.0,20.0,21.0
162.491,1229.0,20.0,21.0
162.587,1216.0,20.784313725490197,21.0
162.682,1222.0,20.784313725490197,21.0
162.778,1224.0,20.784313725490197,21.0
162.874,1218.0,20.784313725490197,21.0
162.97,1215.0,20.784313725490197,21.0
163.066,1217.0,20.784313725490197,21.0
163.163,1218.0,20.392156862745097,21.0
163.259,1216.0,20.392156862745097,21.0
163.355,1211.0,19.607843137254903,21.0
163.451,1202.0,19.607843137254903,21.0
163.547,1203.0,16.470588235294116,21.0
163.644,1180.0,16.470588235294116,21.0
163.74,1178.0,17.254901960784313,21.0
163.835,1191.0,17.254901960784313,21.0
163.932,1209.0,24.313725490196077,22.0
164.028,1210.0,24.313725490196077,22.0
164.124,1216.0,16.470588235294116,22.0
164.22,1211.0,16.470588235294116,22.0
164.316,1210.0,16.862745098039216,22.0
164.412,1201.0,16.862745098039216,22.0
164.508,1198.0,17.647058823529413,22.0
164.605,1200.0,17.647058823529413,22.0
164.701,1197.0,17.254901960784313,23.0
164.797,1188.0,17.254901960784313,23.0
164.893,1188.0,17.254901960784313,23.0
164.989,1190.0,17.254901960784313,23.0
165.085,1179.0,17.254901960784313,23.0
165.181,1184.0,17.254901960784313,23.0
165.277,1172.0,17.254901960784313,23.0
165.373,1176.0,17.647058823529413,23.0
165.469,1174.0,17.647058823529413,23.0
165.566,1176.0,18.03921568627451,24.0
165.662,1186.0,18.03921568627451,24.0
165.757,1189.0,17.647058823529413,24.0
165.854,1191.0,17.647058823529413,24.0
165.95,1190.0,18.03921568627451,24.0
166.046,1196.0,18.03921568627451,24.0
166.142,1200.0,17.647058823529413,24.0
166.238,1191.0,17.647058823529413,24.0
166.334,1197.0,17.647058823529413,24.0
166.43,1205.0,17.647058823529413,24.0
166.527,1200.0,17.647058823529413,24.0
166.622,1206.0,17.647058823529413,24.0
166.719,1203.0,17.647058823529413,24.0
166.815,1203.0,17.647058823529413,25.0
166.911,1200.0,17.647058823529413,25.0
167.007,1209.0,17.647058823529413,25.0
167.103,1203.0,17.647058823529413,25.0
167.199,1196.0,17.647058823529413,25.0
167.295,1196.0,17.647058823529413,25.0
167.391,1196.0,17.647058823529413,25.0
167.487,1196.0,17.647058823529413,25.0
167.584,1189.0,17.647058823529413,25.0
167.68,1182.0,17.647058823529413,25.0
167.776,1185.0,17.647058823529413,26.0
167.872,1181.0,17.647058823529413,26.0
167.968,1190.0,17.647058823529413,25.0
168.064,1187.0,17.647058823529413,25.0
168.16,1190.0,17.647058823529413,26.0
168.257,1193.0,17.647058823529413,26.0
168.352,1192.0,17.254901960784313,26.0
168.449,1190.0,17.254901960784313,26.0
168.545,1188.0,17.254901960784313,26.0
168.641,1188.0,17.254901960784313,26.0
168.737,1180.0,17.254901960784313,26.0
168.833,1186.0,17.254901960784313,26.0
168.929,1184.0,17.254901960784313,26.0
169.025,1189.0,17.254901960784313,26.0
169.121,1184.0,18.03921568627451,26.0
169.218,1185.0,18.03921568627451,26.0
169.314,1186.0,18.03921568627451,26.0
169.41,1191.0,18.03921568627451,26.0
169.506,1193.0,18.03921568627451,27.0
169.602,1191.0,18.03921568627451,27.0
169.698,1187.0,17.647058823529413,27.0
169.794,1191.0,17.647058823529413,27.0
169.89,1190.0,17.647058823529413,27.0
169.987,1195.0,18.03921568627451,27.0
170.083,1200.0,18.03921568627451,27.0
170.178,1197.0,17.647058823529413,27.0
170.275,1199.0,17.647058823529413,27.0
170.37,1195.0,17.647058823529413,27.0
170.483,1208.0,17.647058823529413,27.0
170.578,1216.0,17.647058823529413,27.0
170.675,1226.0,17.647058823529413,27.0
170.771,1226.0,17.647058823529413,27.0
170.867,1227.0,17.647058823529413,27.0
170.963,1222.0,17.254901960784313,27.0
171.059,1207.0,17.254901960784313,28.0
171.155,1200.0,17.647058823529413,28.0
171.252,1189.0,17.647058823529413,28.0
171.348,1174.0,17.647058823529413,28.0
171.443,1158.0,17.647058823529413,28.0
171.54,1140.0,18.431372549019606,28.0
171.635,1126.0,18.431372549019606,28.0
171.732,1118.0,18.823529411764707,28.0
171.828,1100.0,18.823529411764707,28.0
171.924,1090.0,18.431372549019606,28.0
172.02,1080.0,18.431372549019606,29.0
172.116,1073.0,19.607843137254903,29.0
172.212,1059.0,19.607843137254903,29.0
172.308,1054.0,20.392156862745097,29.0
172.404,1057.0,20.392156862745097,29.0
172.501,1059.0,20.392156862745097,29.0
172.597,1058.0,20.392156862745097,29.0
172.693,1055.0,20.392156862745097,29.0
172.789,1058.0,20.392156862745097,29.0
172.885,1059.0,20.392156862745097,29.0
172.982,1063.0,20.0,29.0
173.078,1058.0,20.0,29.0
173.174,1058.0,20.0,29.0
173.27,1057.0,20.0,29.0
173.365,1056.0,20.0,30.0
173.462,1049.0,20.0,30.0
173.558,1054.0,20.0,30.0
173.654,1065.0,20.0,30.0
173.75,1082.0,23.92156862745098,30.0
173.846,1096.0,23.92156862745098,30.0
173.942,1112.0,22.745098039215687,30.0
174.039,1126.0,22.745098039215687,30.0
174.135,1133.0,20.784313725490197,30.0
174.23,1138.0,20.784313725490197,30.0
174.327,1136.0,21.96078431372549,30.0
174.422,1141.0,21.96078431372549,30.0
174.519,1149.0,21.176470588235293,30.0
174.615,1151.0,21.176470588235293,30.0
174.711,1145.0,21.176470588235293,30.0
174.807,1143.0,21.176470588235293,30.0
174.903,1138.0,21.96078431372549,30.0
174.999,1137.0,21.96078431372549,29.0
175.095,1134.0,21.96078431372549,29.0
175.191,1126.0,21.176470588235293,28.0
175.288,1116.0,21.176470588235293,28.0
175.384,1119.0,22.352941176470587,28.0
175.48,1115.0,22.352941176470587,27.0
175.576,1099.0,21.568627450980394,27.0
175.672,1096.0,21.568627450980394,27.0
175.769,1095.0,22.745098039215687,26.0
175.864,1091.0,22.745098039215687,26.0
175.96,1095.0,21.96078431372549,25.0
176.057,1097.0,21.96078431372549,25.0
176.153,1107.0,21.96078431372549,25.0
176.248,1108.0,21.96078431372549,24.0
176.345,1112.0,22.352941176470587,24.0
176.441,1108.0,22.352941176470587,23.0
176.537,1103.0,21.96078431372549,23.0
176.633,1088.0,21.96078431372549,22.0
176.729,1070.0,20.392156862745097,22.0
176.825,1052.0,20.392156862745097,21.0
176.921,1044.0,20.0,20.0
177.017,1045.0,20.0,20.0
177.113,1048.0,25.098039215686274,19.0
177.209,1051.0,25.098039215686274,18.0
177.306,1065.0,24.313725490196077,18.0
177.402,1071.0,24.313725490196077,17.0
177.498,1074.0,22.745098039215687,16.0
177.594,1082.0,22.745098039215687,16.0
177.69,1092.0,22.745098039215687,15.0
177.786,1105.0,22.352941176470587,15.0
177.882,1120.0,22.352941176470587,14.0
177.978,1120.0,21.568627450980394,14.0
178.075,1127.0,21.568627450980394,14.0
178.171,1127.0,21.96078431372549,13.0
178.266,1127.0,21.96078431372549,13.0
178.362,1125.0,21.568627450980394,13.0
178.459,1129.0,21.568627450980394,12.0
178.555,1126.0,21.96078431372549,12.0
178.653,1123.0,21.96078431372549,11.0
178.747,1116.0,21.568627450980394,11.0
178.843,1104.0,21.568627450980394,11.0
178.939,1096.0,22.745098039215687,11.0
179.035,1086.0,22.745098039215687,10.0
179.131,1073.0,23.137254901960784,10.0
179.227,1049.0,23.137254901960784,9.0
179.323,1036.0,23.137254901960784,9.0
179.42,1022.0,23.137254901960784,9.0
179.516,983.0,22.745098039215687,8.0
179.612,962.0,22.745098039215687,8.0
179.708,929.0,21.568627450980394,8.0
179.804,904.0,21.568627450980394,7.0
179.901,883.0,23.92156862745098,7.0
179.996,857.0,23.92156862745098,6.0
180.092,829.0,23.92156862745098,6.0
180.188,814.0,26.666666666666668,6.0
180.285,792.0,26.666666666666668,5.0
180.381,774.0,29.41176470588235,5.0
180.477,757.0,29.41176470588235,5.0
180.573,755.0,29.019607843137255,4.0
180.669,751.0,29.019607843137255,4.0
180.765,751.0,29.80392156862745,4.0
180.861,758.0,29.80392156862745,3.0
180.957,763.0,29.80392156862745,3.0
181.053,767.0,29.80392156862745,3.0
181.15,766.0,29.41176470588235,2.0
181.247,757.0,29.41176470588235,2.0
181.357,749.0,28.235294117647058,2.0
181.454,744.0,28.235294117647058,1.0
181.55,747.0,29.80392156862745,1.0
181.646,749.0,29.80392156862745,1.0
181.742,754.0,30.19607843137255,1.0
181.839,755.0,30.19607843137255,0.0
181.935,757.0,29.80392156862745,0.0
182.031,762.0,29.80392156862745,0.0
182.127,767.0,29.41176470588235,0.0
182.223,766.0,29.41176470588235,0.0
182.319,770.0,29.41176470588235,0.0
182.415,769.0,29.41176470588235,0.0
